<T3DataStructure>
	<meta>
		<langDisable>1</langDisable>
	</meta>
	<sheets>
		<generalSetting>
			<ROOT>
				<TCEforms>
					<sheetTitle>LLL:EXT:js_bmi_calculator/Resources/Private/Language/locallang_flexform.xlf:settings.generalSetting</sheetTitle>
				</TCEforms>
				<type>array</type>
				<el>
					<settings.flexform.underweight>
						<TCEforms>
							<exclude>1</exclude>
							<label>LLL:EXT:js_bmi_calculator/Resources/Private/Language/locallang_flexform.xlf:settings.flexform.underweight</label>
							<config>
								<type>input</type>
								<default>18.5</default>
								<size>5</size>
							</config>
						</TCEforms>
					</settings.flexform.underweight                                                            >
					<settings.flexform.normalweight>
						<TCEforms>
							<exclude>1</exclude>
							<label>LLL:EXT:js_bmi_calculator/Resources/Private/Language/locallang_flexform.xlf:settings.flexform.normalweight</label>
							<config>
								<type>input</type>
								<default>24.9</default>
								<size>5</size>
							</config>
						</TCEforms>
					</settings.flexform.normalweight>
					<settings.flexform.overweight>
						<TCEforms>
							<exclude>1</exclude>
							<label>LLL:EXT:js_bmi_calculator/Resources/Private/Language/locallang_flexform.xlf:settings.flexform.overweight</label>
							<config>
								<type>input</type>
								<default>29.9</default>
								<size>5</size>
							</config>
						</TCEforms>
					</settings.flexform.overweight>
					<settings.flexform.obesity>
						<TCEforms>
							<exclude>1</exclude>
							<label>LLL:EXT:js_bmi_calculator/Resources/Private/Language/locallang_flexform.xlf:settings.flexform.obesity</label>
							<config>
								<type>input</type>
								<default>30</default>
								<size>5</size>
							</config>
						</TCEforms>
					</settings.flexform.obesity>
				</el>
			</ROOT>
		</generalSetting>
	</sheets>
</T3DataStructure>